-- 完整歷史匯入（由 投資組合.xlsx 產生）+ 2026-06-13 降槓桿轉換
-- 套用： wrangler d1 execute asset-management-db --remote --file=./import-history.sql
PRAGMA foreign_keys=OFF;
DELETE FROM investments;
DELETE FROM funding_sources;
DELETE FROM ticker_tags;
DELETE FROM prices;
DELETE FROM exchange_rates;
DELETE FROM metadata;
DELETE FROM batches;
PRAGMA foreign_keys=ON;
INSERT INTO batches (batch_id,date,description,type) VALUES
  ('BATCH-001','2025-02-26','初始持倉','contribution'),
  ('BATCH-002','2026-05-01','年初投入','contribution'),
  ('BATCH-003','2026-06-13','降槓桿轉換：賣 TLT/TMF/部分 UPRO，買 TQQQ/BOXX','rebalance');
INSERT INTO funding_sources (batch_id,source_name,amount_twd) VALUES
  ('BATCH-001','我的',4499606.54826705),
  ('BATCH-002','我的',367092.0);
INSERT INTO investments (id,batch_id,ticker,name,market,date,units,price_per_unit,exchange_rate,fees,tags,txn_type) VALUES
  ('INV-001','BATCH-001','TLT','iShares 20+ Year Treasury Bond ','US','2025-02-26',162.76168,91.42,32.78,0.0,'','buy'),
  ('INV-002','BATCH-001','VOO','Vanguard S&P 500 ETF','US','2025-02-26',58.91297,546.41,32.78,0.0,'','buy'),
  ('INV-003','BATCH-001','TMF','Direxion Daily 20-Yr Treasury B','US','2025-02-26',360.81106,45.13,32.78,0.0,'','buy'),
  ('INV-004','BATCH-001','UPRO','ProShares UltraPro S&P 500','US','2025-02-26',358.65054,90.16,32.78,0.0,'','buy'),
  ('INV-005','BATCH-001','0050.TW','元大 0050','TW','2025-02-26',28.0,48.675,1.0,0.0,'','buy'),
  ('INV-006','BATCH-002','TMF','Direxion Daily 20-Yr Treasury B','US','2026-05-01',63.0,35.225,31.57,0.0,'','buy'),
  ('INV-007','BATCH-002','TLT','iShares 20+ Year Treasury Bond ','US','2026-05-01',55.0,85.665,31.57,0.0,'','buy'),
  ('INV-008','BATCH-002','VOO','Vanguard S&P 500 ETF','US','2026-05-01',7.0,664.05,31.57,0.0,'','buy'),
  ('INV-009','BATCH-003','TLT','iShares 20+ Year Treasury Bond ','US','2026-06-13',-217.76168,85.715,31.61,0,'','sell'),
  ('INV-010','BATCH-003','TMF','Direxion Daily 20-Yr Treasury B','US','2026-06-13',-423.81106,35.185,31.61,0,'','sell'),
  ('INV-011','BATCH-003','UPRO','ProShares UltraPro S&P 500','US','2026-06-13',-173.43,137.72,31.61,0,'','sell'),
  ('INV-012','BATCH-003','TQQQ','ProShares UltraPro QQQ','US','2026-06-13',340.13867,76.115,31.61,0,'','buy'),
  ('INV-013','BATCH-003','BOXX','Alpha Architect 1-3M Box ETF','US','2026-06-13',270.0224,116.995,31.61,0,'','buy');
INSERT OR REPLACE INTO prices (ticker,date,close) VALUES ('TLT','2025-02-27',91.95999908447266),('TLT','2025-02-28',91.30999755859375),('TLT','2025-03-01',92.43000030517578),('TLT','2025-03-04',92.56999969482422),('TLT','2025-03-05',91.43000030517578),('TLT','2025-03-06',90.69999694824219),('TLT','2025-03-07',90.4000015258789),('TLT','2025-03-08',90.11000061035156),('TLT','2025-03-11',91.05000305175781),('TLT','2025-03-12',90.4000015258789),('TLT','2025-03-13',89.86000061035156),('TLT','2025-03-14',90.6500015258789),('TLT','2025-03-15',90.16999816894531),('TLT','2025-03-18',90.62000274658203),('TLT','2025-03-19',90.70999908447266),('TLT','2025-03-20',91.18000030517578),('TLT','2025-03-21',91.23999786376953),('TLT','2025-03-22',90.69999694824219),('TLT','2025-03-25',89.7699966430664),('TLT','2025-03-26',89.76000213623047),('TLT','2025-03-27',89.16999816894531),('TLT','2025-03-28',88.91000366210938),('TLT','2025-03-29',90.13999938964844),('TLT','2025-04-01',91.02999877929688),('TLT','2025-04-02',91.48999786376953),('TLT','2025-04-03',91.43000030517578),('TLT','2025-04-04',91.8499984741211),('TLT','2025-04-05',92.8499984741211),('TLT','2025-04-08',90.05000305175781),('TLT','2025-04-09',88.3499984741211),('TLT','2025-04-10',88.87000274658203),('TLT','2025-04-11',86.41999816894531),('TLT','2025-04-12',86.88999938964844),('TLT','2025-04-15',87.51000213623047),('TLT','2025-04-16',87.81999969482422),('TLT','2025-04-17',88.30999755859375),('TLT','2025-04-18',87.52999877929688),('TLT','2025-04-22',86.0),('TLT','2025-04-23',86.4800033569336),('TLT','2025-04-24',87.31999969482422),('TLT','2025-04-25',88.23999786376953),('TLT','2025-04-26',88.88999938964844),('TLT','2025-04-29',89.44999694824219),('TLT','2025-04-30',90.19999694824219),('TLT','2025-05-01',89.47000122070312),('TLT','2025-05-02',88.69000244140625),('TLT','2025-05-03',87.7300033569336),('TLT','2025-05-06',87.23999786376953),('TLT','2025-05-07',87.52999877929688),('TLT','2025-05-08',87.9000015258789),('TLT','2025-05-09',86.91999816894531),('TLT','2025-05-10',87.05000305175781),('TLT','2025-05-13',86.23999786376953),('TLT','2025-05-14',85.88999938964844),('TLT','2025-05-15',85.31999969482422),('TLT','2025-05-16',86.06999969482422),('TLT','2025-05-17',86.30000305175781),('TLT','2025-05-20',86.05000305175781),('TLT','2025-05-21',85.43000030517578),('TLT','2025-05-22',83.97000122070312),('TLT','2025-05-23',84.41000366210938),('TLT','2025-05-24',84.55000305175781),('TLT','2025-05-28',85.7300033569336),('TLT','2025-05-29',85.36000061035156),('TLT','2025-05-30',86.1500015258789),('TLT','2025-05-31',86.27999877929688),('TLT','2025-06-03',85.16000366210938),('TLT','2025-06-04',85.01000213623047),('TLT','2025-06-05',86.38999938964844),('TLT','2025-06-06',86.44999694824219),('TLT','2025-06-07',85.3499984741211),('TLT','2025-06-10',85.44000244140625),('TLT','2025-06-11',85.87999725341797),('TLT','2025-06-12',86.13999938964844),('TLT','2025-06-13',87.16999816894531),('TLT','2025-06-14',86.33000183105469),('TLT','2025-06-17',85.45999908447266),('TLT','2025-06-18',86.5),('TLT','2025-06-19',86.6500015258789),('TLT','2025-06-21',86.48999786376953),('TLT','2025-06-24',86.7699966430664),('TLT','2025-06-25',87.4000015258789),('TLT','2025-06-26',87.51000213623047),('TLT','2025-06-27',87.94999694824219),('TLT','2025-06-28',87.38999938964844),('TLT','2025-07-01',88.25),('TLT','2025-07-02',88.13999938964844),('TLT','2025-07-03',87.58000183105469),('TLT','2025-07-04',86.97000122070312),('TLT','2025-07-08',86.13999938964844),('TLT','2025-07-09',86.02999877929688),('TLT','2025-07-10',86.93000030517578),('TLT','2025-07-11',86.98999786376953),('TLT','2025-07-12',85.79000091552734),('TLT','2025-07-15',85.61000061035156),('TLT','2025-07-16',85.01000213623047),('TLT','2025-07-17',85.12999725341797),('TLT','2025-07-18',85.11000061035156),('TLT','2025-07-19',85.23999786376953),('TLT','2025-07-22',86.0),('TLT','2025-07-23',86.5199966430664),('TLT','2025-07-24',86.04000091552734),('TLT','2025-07-25',85.88999938964844),('TLT','2025-07-26',86.43000030517578),('TLT','2025-07-29',85.87000274658203),('TLT','2025-07-30',87.31999969482422),('TLT','2025-07-31',86.87000274658203),('TLT','2025-08-01',86.91999816894531),('TLT','2025-08-02',87.81999969482422),('TLT','2025-08-05',88.05999755859375),('TLT','2025-08-06',88.33000183105469),('TLT','2025-08-07',87.81999969482422),('TLT','2025-08-08',87.66999816894531),('TLT','2025-08-09',87.29000091552734),('TLT','2025-08-12',87.38999938964844),('TLT','2025-08-13',86.94999694824219),('TLT','2025-08-14',87.66999816894531),('TLT','2025-08-15',87.0199966430664),('TLT','2025-08-16',86.4000015258789),('TLT','2025-08-19',86.1500015258789),('TLT','2025-08-20',86.6500015258789),('TLT','2025-08-21',86.83999633789062),('TLT','2025-08-22',86.41000366210938),('TLT','2025-08-23',87.05000305175781),('TLT','2025-08-26',86.80000305175781),('TLT','2025-08-27',86.75),('TLT','2025-08-28',86.6500015258789),('TLT','2025-08-29',87.22000122070312),('TLT','2025-08-30',86.5999984741211),('TLT','2025-09-03',85.62999725341797),('TLT','2025-09-04',86.56999969482422),('TLT','2025-09-05',87.2300033569336),('TLT','2025-09-06',88.55999755859375),('TLT','2025-09-09',89.73999786376953),('TLT','2025-09-10',89.2300033569336),('TLT','2025-09-11',89.73999786376953),('TLT','2025-09-12',90.33999633789062),('TLT','2025-09-13',89.94999694824219),('TLT','2025-09-16',90.16000366210938),('TLT','2025-09-17',90.3499984741211),('TLT','2025-09-18',90.12000274658203),('TLT','2025-09-19',89.19000244140625),('TLT','2025-09-20',89.0199966430664),('TLT','2025-09-23',88.69999694824219),('TLT','2025-09-24',89.31999969482422),('TLT','2025-09-25',88.9800033569336),('TLT','2025-09-26',88.9800033569336),('TLT','2025-09-27',88.9000015258789),('TLT','2025-09-30',89.62999725341797),('TLT','2025-10-01',89.37000274658203),('TLT','2025-10-02',89.29000091552734),('TLT','2025-10-03',89.55000305175781),('TLT','2025-10-04',89.37999725341797),('TLT','2025-10-07',88.66999816894531),('TLT','2025-10-08',89.18000030517578),('TLT','2025-10-09',89.25),('TLT','2025-10-10',89.18000030517578),('TLT','2025-10-11',90.62000274658203),('TLT','2025-10-14',90.56999969482422),('TLT','2025-10-15',90.86000061035156),('TLT','2025-10-16',90.66000366210938),('TLT','2025-10-17',91.33999633789062),('TLT','2025-10-18',91.19999694824219),('TLT','2025-10-21',91.55000305175781),('TLT','2025-10-22',92.0),('TLT','2025-10-23',92.05999755859375),('TLT','2025-10-24',91.43000030517578),('TLT','2025-10-25',91.47000122070312),('TLT','2025-10-28',91.77999877929688),('TLT','2025-10-29',92.0199966430664),('TLT','2025-10-30',91.08999633789062),('TLT','2025-10-31',90.55999755859375),('TLT','2025-11-01',90.29000091552734),('TLT','2025-11-04',89.73999786376953),('TLT','2025-11-05',89.94000244140625),('TLT','2025-11-06',88.95999908447266),('TLT','2025-11-07',89.76000213623047),('TLT','2025-11-08',89.56999969482422),('TLT','2025-11-11',89.55000305175781),('TLT','2025-11-12',89.95999908447266),('TLT','2025-11-13',90.12000274658203),('TLT','2025-11-14',89.37999725341797),('TLT','2025-11-15',88.87000274658203),('TLT','2025-11-18',89.08999633789062),('TLT','2025-11-19',89.05999755859375),('TLT','2025-11-20',88.87999725341797),('TLT','2025-11-21',89.2300033569336),('TLT','2025-11-22',89.5),('TLT','2025-11-25',90.01000213623047),('TLT','2025-11-26',90.23999786376953),('TLT','2025-11-27',90.63999938964844),('TLT','2025-11-29',90.20999908447266),('TLT','2025-12-02',88.7699966430664),('TLT','2025-12-03',88.80999755859375),('TLT','2025-12-04',89.05999755859375),('TLT','2025-12-05',88.58000183105469),('TLT','2025-12-06',88.16999816894531),('TLT','2025-12-09',87.87999725341797),('TLT','2025-12-10',87.97000122070312),('TLT','2025-12-11',88.30999755859375);
INSERT OR REPLACE INTO prices (ticker,date,close) VALUES ('TLT','2025-12-12',88.19000244140625),('TLT','2025-12-13',87.33999633789062),('TLT','2025-12-16',87.4000015258789),('TLT','2025-12-17',87.87999725341797),('TLT','2025-12-18',87.80000305175781),('TLT','2025-12-19',88.22000122070312),('TLT','2025-12-20',87.55000305175781),('TLT','2025-12-23',87.36000061035156),('TLT','2025-12-24',87.5),('TLT','2025-12-25',88.02999877929688),('TLT','2025-12-27',87.73999786376953),('TLT','2025-12-30',88.06999969482422),('TLT','2025-12-31',87.86000061035156),('TLT','2026-01-01',87.16000366210938),('TLT','2026-01-03',87.02999877929688),('TLT','2026-01-06',87.45999908447266),('TLT','2026-01-07',87.27999877929688),('TLT','2026-01-08',87.79000091552734),('TLT','2026-01-09',87.3499984741211),('TLT','2026-01-10',87.93000030517578),('TLT','2026-01-13',87.66999816894531),('TLT','2026-01-14',87.81999969482422),('TLT','2026-01-15',88.33000183105469),('TLT','2026-01-16',88.30999755859375),('TLT','2026-01-17',87.80000305175781),('TLT','2026-01-21',86.6500015258789),('TLT','2026-01-22',87.30999755859375),('TLT','2026-01-23',87.69000244140625),('TLT','2026-01-24',87.93000030517578),('TLT','2026-01-27',88.3499984741211),('TLT','2026-01-28',87.80000305175781),('TLT','2026-01-29',87.5999984741211),('TLT','2026-01-30',87.62000274658203),('TLT','2026-01-31',87.12999725341797),('TLT','2026-02-03',86.55000305175781),('TLT','2026-02-04',86.76000213623047),('TLT','2026-02-05',86.54000091552734),('TLT','2026-02-06',87.4800033569336),('TLT','2026-02-07',87.54000091552734),('TLT','2026-02-10',87.5199966430664),('TLT','2026-02-11',88.52999877929688),('TLT','2026-02-12',88.05999755859375),('TLT','2026-02-13',89.2300033569336),('TLT','2026-02-14',89.72000122070312),('TLT','2026-02-18',89.87000274658203),('TLT','2026-02-19',89.52999877929688),('TLT','2026-02-20',89.62000274658203),('TLT','2026-02-21',89.41000366210938),('TLT','2026-02-24',89.73999786376953),('TLT','2026-02-25',89.9000015258789),('TLT','2026-02-26',89.91000366210938),('TLT','2026-02-27',90.2699966430664),('TLT','2026-02-28',90.81999969482422),('TLT','2026-03-03',89.61000061035156),('TLT','2026-03-04',89.43000030517578),('TLT','2026-03-05',89.1500015258789),('TLT','2026-03-06',88.79000091552734),('TLT','2026-03-07',88.45999908447266),('TLT','2026-03-10',89.2300033569336),('TLT','2026-03-11',88.27999877929688),('TLT','2026-03-12',87.13999938964844),('TLT','2026-03-13',86.97000122070312),('TLT','2026-03-14',86.54000091552734),('TLT','2026-03-17',87.20999908447266),('TLT','2026-03-18',87.44999694824219),('TLT','2026-03-19',86.95999908447266),('TLT','2026-03-20',87.48999786376953),('TLT','2026-03-21',85.83000183105469),('TLT','2026-03-24',86.38999938964844),('TLT','2026-03-25',86.01000213623047),('TLT','2026-03-26',86.83999633789062),('TLT','2026-03-27',86.11000061035156),('TLT','2026-03-28',85.63999938964844),('TLT','2026-03-31',86.77999877929688),('TLT','2026-04-01',86.69000244140625),('TLT','2026-04-02',86.26000213623047),('TLT','2026-04-03',86.79000091552734),('TLT','2026-04-07',86.6500015258789),('TLT','2026-04-08',86.63999938964844),('TLT','2026-04-09',86.91999816894531),('TLT','2026-04-10',86.69999694824219),('TLT','2026-04-11',86.48999786376953),('TLT','2026-04-14',86.75),('TLT','2026-04-15',87.20999908447266),('TLT','2026-04-16',86.83000183105469),('TLT','2026-04-17',86.27999877929688),('TLT','2026-04-18',87.06999969482422),('TLT','2026-04-21',87.05000305175781),('TLT','2026-04-22',86.56999969482422),('TLT','2026-04-23',86.73999786376953),('TLT','2026-04-24',86.55000305175781),('TLT','2026-04-25',86.70999908447266),('TLT','2026-04-28',86.27999877929688),('TLT','2026-04-29',86.37000274658203),('TLT','2026-04-30',85.69999694824219),('TLT','2026-05-01',85.62000274658203),('TLT','2026-05-02',85.61000061035156),('VOO','2025-02-27',546.75),('VOO','2025-02-28',537.969970703125),('VOO','2025-03-01',546.3300170898438),('VOO','2025-03-04',536.9199829101562),('VOO','2025-03-05',530.4500122070312),('VOO','2025-03-06',536.4000244140625),('VOO','2025-03-07',526.6699829101562),('VOO','2025-03-08',529.510009765625),('VOO','2025-03-11',515.510009765625),('VOO','2025-03-12',511.2799987792969),('VOO','2025-03-13',513.760009765625),('VOO','2025-03-14',507.04998779296875),('VOO','2025-03-15',517.4600219726562),('VOO','2025-03-18',521.4099731445312),('VOO','2025-03-19',515.9099731445312),('VOO','2025-03-20',521.3300170898438),('VOO','2025-03-21',520.1300048828125),('VOO','2025-03-22',520.260009765625),('VOO','2025-03-25',529.3900146484375),('VOO','2025-03-26',530.6500244140625),('VOO','2025-03-27',524.4600219726562),('VOO','2025-03-28',521.2100219726562),('VOO','2025-03-29',510.79998779296875),('VOO','2025-04-01',513.9099731445312),('VOO','2025-04-02',515.7999877929688),('VOO','2025-04-03',518.9099731445312),('VOO','2025-04-04',494.1600036621094),('VOO','2025-04-05',465.5199890136719),('VOO','2025-04-08',463.55999755859375),('VOO','2025-04-09',456.739990234375),('VOO','2025-04-10',499.1000061035156),('VOO','2025-04-11',482.05999755859375),('VOO','2025-04-12',490.54998779296875),('VOO','2025-04-15',495.4800109863281),('VOO','2025-04-16',494.0899963378906),('VOO','2025-04-17',483.2300109863281),('VOO','2025-04-18',483.8999938964844),('VOO','2025-04-22',472.3699951171875),('VOO','2025-04-23',484.2900085449219),('VOO','2025-04-24',492.07000732421875),('VOO','2025-04-25',502.4100036621094),('VOO','2025-04-26',506.1099853515625),('VOO','2025-04-29',506.4200134277344),('VOO','2025-04-30',509.489990234375),('VOO','2025-05-01',509.739990234375),('VOO','2025-05-02',513.3499755859375),('VOO','2025-05-03',520.7100219726562),('VOO','2025-05-06',517.989990234375),('VOO','2025-05-07',513.5800170898438),('VOO','2025-05-08',515.9000244140625),('VOO','2025-05-09',519.3400268554688),('VOO','2025-05-10',518.6500244140625),('VOO','2025-05-13',535.9199829101562),('VOO','2025-05-14',539.4400024414062),('VOO','2025-05-15',540.1099853515625),('VOO','2025-05-16',542.760009765625),('VOO','2025-05-17',546.260009765625),('VOO','2025-05-20',546.8200073242188),('VOO','2025-05-21',544.8800048828125),('VOO','2025-05-22',535.77001953125),('VOO','2025-05-23',536.02001953125),('VOO','2025-05-24',532.4000244140625),('VOO','2025-05-28',543.3400268554688),('VOO','2025-05-29',540.239990234375),('VOO','2025-05-30',542.3200073242188),('VOO','2025-05-31',541.760009765625),('VOO','2025-06-03',544.9099731445312),('VOO','2025-06-04',548.0),('VOO','2025-06-05',547.6500244140625),('VOO','2025-06-06',545.0900268554688),('VOO','2025-06-07',550.6599731445312),('VOO','2025-06-10',551.25),('VOO','2025-06-11',554.3900146484375),('VOO','2025-06-12',552.8599853515625),('VOO','2025-06-13',554.9500122070312),('VOO','2025-06-14',548.77001953125),('VOO','2025-06-17',554.0700073242188),('VOO','2025-06-18',549.3499755859375),('VOO','2025-06-19',549.239990234375),('VOO','2025-06-21',547.719970703125),('VOO','2025-06-24',553.3599853515625),('VOO','2025-06-25',559.4400024414062),('VOO','2025-06-26',559.719970703125),('VOO','2025-06-27',564.1500244140625),('VOO','2025-06-28',566.9500122070312),('VOO','2025-07-01',568.030029296875),('VOO','2025-07-02',567.77001953125),('VOO','2025-07-03',570.2899780273438),('VOO','2025-07-04',575.219970703125),('VOO','2025-07-08',570.6099853515625),('VOO','2025-07-09',570.22998046875),('VOO','2025-07-10',573.6099853515625),('VOO','2025-07-11',575.2899780273438),('VOO','2025-07-12',573.219970703125),('VOO','2025-07-15',574.3499755859375),('VOO','2025-07-16',571.8599853515625),('VOO','2025-07-17',573.739990234375),('VOO','2025-07-18',577.1799926757812),('VOO','2025-07-19',576.9199829101562),('VOO','2025-07-22',577.9500122070312),('VOO','2025-07-23',577.9500122070312),('VOO','2025-07-24',582.8599853515625),('VOO','2025-07-25',583.260009765625);
INSERT OR REPLACE INTO prices (ticker,date,close) VALUES ('VOO','2025-07-26',585.5800170898438),('VOO','2025-07-29',585.4400024414062),('VOO','2025-07-30',583.9199829101562),('VOO','2025-07-31',583.2100219726562),('VOO','2025-08-01',581.02001953125),('VOO','2025-08-02',571.4500122070312),('VOO','2025-08-05',580.1400146484375),('VOO','2025-08-06',577.3499755859375),('VOO','2025-08-07',581.6400146484375),('VOO','2025-08-08',581.2899780273438),('VOO','2025-08-09',585.739990234375),('VOO','2025-08-12',584.5399780273438),('VOO','2025-08-13',590.780029296875),('VOO','2025-08-14',592.8400268554688),('VOO','2025-08-15',592.8499755859375),('VOO','2025-08-16',591.5700073242188),('VOO','2025-08-19',591.3599853515625),('VOO','2025-08-20',588.1300048828125),('VOO','2025-08-21',586.5800170898438),('VOO','2025-08-22',584.27001953125),('VOO','2025-08-23',593.2100219726562),('VOO','2025-08-26',590.7000122070312),('VOO','2025-08-27',593.0599975585938),('VOO','2025-08-28',594.4199829101562),('VOO','2025-08-29',596.52001953125),('VOO','2025-08-30',593.0800170898438),('VOO','2025-09-03',588.7100219726562),('VOO','2025-09-04',591.719970703125),('VOO','2025-09-05',596.5900268554688),('VOO','2025-09-06',594.9600219726562),('VOO','2025-09-09',596.5),('VOO','2025-09-10',597.9500122070312),('VOO','2025-09-11',599.6799926757812),('VOO','2025-09-12',604.5700073242188),('VOO','2025-09-13',604.4400024414062),('VOO','2025-09-16',607.5900268554688),('VOO','2025-09-17',606.7899780273438),('VOO','2025-09-18',606.0900268554688),('VOO','2025-09-19',608.9400024414062),('VOO','2025-09-20',611.780029296875),('VOO','2025-09-23',614.760009765625),('VOO','2025-09-24',611.5399780273438),('VOO','2025-09-25',609.5),('VOO','2025-09-26',606.5900268554688),('VOO','2025-09-27',610.1599731445312),('VOO','2025-09-30',610.1300048828125),('VOO','2025-10-01',612.3800048828125),('VOO','2025-10-02',614.5700073242188),('VOO','2025-10-03',615.25),('VOO','2025-10-04',615.2999877929688),('VOO','2025-10-07',617.4000244140625),('VOO','2025-10-08',615.2000122070312),('VOO','2025-10-09',618.77001953125),('VOO','2025-10-10',617.0999755859375),('VOO','2025-10-11',600.510009765625),('VOO','2025-10-14',609.6099853515625),('VOO','2025-10-15',608.75),('VOO','2025-10-16',611.4299926757812),('VOO','2025-10-17',607.3900146484375),('VOO','2025-10-18',610.760009765625),('VOO','2025-10-21',617.1699829101562),('VOO','2025-10-22',617.0900268554688),('VOO','2025-10-23',613.969970703125),('VOO','2025-10-24',617.4400024414062),('VOO','2025-10-25',622.5499877929688),('VOO','2025-10-28',630.0),('VOO','2025-10-29',631.6900024414062),('VOO','2025-10-30',631.9500122070312),('VOO','2025-10-31',625.239990234375),('VOO','2025-11-01',627.0399780273438),('VOO','2025-11-04',628.27001953125),('VOO','2025-11-05',620.989990234375),('VOO','2025-11-06',622.8599853515625),('VOO','2025-11-07',616.239990234375),('VOO','2025-11-08',616.8900146484375),('VOO','2025-11-11',626.469970703125),('VOO','2025-11-12',627.9099731445312),('VOO','2025-11-13',628.219970703125),('VOO','2025-11-14',617.989990234375),('VOO','2025-11-15',617.8300170898438),('VOO','2025-11-18',612.0399780273438),('VOO','2025-11-19',607.0),('VOO','2025-11-20',609.2000122070312),('VOO','2025-11-21',599.9600219726562),('VOO','2025-11-22',605.9299926757812),('VOO','2025-11-25',614.9400024414062),('VOO','2025-11-26',620.6599731445312),('VOO','2025-11-27',624.9500122070312),('VOO','2025-11-29',628.4099731445312),('VOO','2025-12-02',625.52001953125),('VOO','2025-12-03',626.5800170898438),('VOO','2025-12-04',628.77001953125),('VOO','2025-12-05',629.2999877929688),('VOO','2025-12-06',630.47998046875),('VOO','2025-12-09',628.6099853515625),('VOO','2025-12-10',628.0999755859375),('VOO','2025-12-11',632.1599731445312),('VOO','2025-12-12',633.7100219726562),('VOO','2025-12-13',626.8699951171875),('VOO','2025-12-16',625.9600219726562),('VOO','2025-12-17',624.2100219726562),('VOO','2025-12-18',617.3499755859375),('VOO','2025-12-19',622.010009765625),('VOO','2025-12-20',627.5599975585938),('VOO','2025-12-23',629.72998046875),('VOO','2025-12-24',632.6699829101562),('VOO','2025-12-25',634.780029296875),('VOO','2025-12-27',634.8400268554688),('VOO','2025-12-30',632.5999755859375),('VOO','2025-12-31',631.719970703125),('VOO','2026-01-01',627.1300048828125),('VOO','2026-01-03',628.2999877929688),('VOO','2026-01-06',632.4600219726562),('VOO','2026-01-07',636.2100219726562),('VOO','2026-01-08',634.1699829101562),('VOO','2026-01-09',634.0599975585938),('VOO','2026-01-10',638.3099975585938),('VOO','2026-01-13',639.3400268554688),('VOO','2026-01-14',638.030029296875),('VOO','2026-01-15',634.9400024414062),('VOO','2026-01-16',636.6199951171875),('VOO','2026-01-17',636.0900268554688),('VOO','2026-01-21',623.1500244140625),('VOO','2026-01-22',630.2899780273438),('VOO','2026-01-23',633.5700073242188),('VOO','2026-01-24',633.8300170898438),('VOO','2026-01-27',637.0900268554688),('VOO','2026-01-28',639.7000122070312),('VOO','2026-01-29',639.5999755859375),('VOO','2026-01-30',638.27001953125),('VOO','2026-01-31',636.219970703125),('VOO','2026-02-03',639.6799926757812),('VOO','2026-02-04',634.1500244140625),('VOO','2026-02-05',630.9099731445312),('VOO','2026-02-06',623.0999755859375),('VOO','2026-02-07',635.239990234375),('VOO','2026-02-10',638.22998046875),('VOO','2026-02-11',636.4400024414062),('VOO','2026-02-12',636.3499755859375),('VOO','2026-02-13',626.489990234375),('VOO','2026-02-14',626.8900146484375),('VOO','2026-02-18',627.989990234375),('VOO','2026-02-19',631.1500244140625),('VOO','2026-02-20',629.530029296875),('VOO','2026-02-21',634.02001953125),('VOO','2026-02-24',627.6300048828125),('VOO','2026-02-25',632.2100219726562),('VOO','2026-02-26',637.530029296875),('VOO','2026-02-27',633.9500122070312),('VOO','2026-02-28',631.0399780273438),('VOO','2026-03-03',631.280029296875),('VOO','2026-03-04',625.719970703125),('VOO','2026-03-05',630.1799926757812),('VOO','2026-03-06',626.8099975585938),('VOO','2026-03-07',618.4299926757812),('VOO','2026-03-10',623.7999877929688),('VOO','2026-03-11',622.719970703125),('VOO','2026-03-12',622.030029296875),('VOO','2026-03-13',612.5),('VOO','2026-03-14',609.0900268554688),('VOO','2026-03-17',615.1900024414062),('VOO','2026-03-18',616.8900146484375),('VOO','2026-03-19',608.3800048828125),('VOO','2026-03-20',606.75),('VOO','2026-03-21',597.9400024414062),('VOO','2026-03-24',604.4299926757812),('VOO','2026-03-25',602.3800048828125),('VOO','2026-03-26',605.6599731445312),('VOO','2026-03-27',594.9199829101562),('VOO','2026-03-28',582.9600219726562),('VOO','2026-03-31',580.9299926757812),('VOO','2026-04-01',597.5499877929688),('VOO','2026-04-02',602.2999877929688),('VOO','2026-04-03',602.989990234375),('VOO','2026-04-07',605.6699829101562),('VOO','2026-04-08',606.0399780273438),('VOO','2026-04-09',621.3400268554688),('VOO','2026-04-10',625.02001953125),('VOO','2026-04-11',624.5999755859375),('VOO','2026-04-14',630.719970703125),('VOO','2026-04-15',638.3499755859375),('VOO','2026-04-16',643.4500122070312),('VOO','2026-04-17',644.8599853515625),('VOO','2026-04-18',652.780029296875),('VOO','2026-04-21',651.5399780273438),('VOO','2026-04-22',647.25),('VOO','2026-04-23',653.9000244140625),('VOO','2026-04-24',651.260009765625),('VOO','2026-04-25',656.4199829101562),('VOO','2026-04-28',657.5),('VOO','2026-04-29',654.260009765625),('VOO','2026-04-30',654.239990234375),('VOO','2026-05-01',660.5800170898438),('VOO','2026-05-02',662.52001953125),('TMF','2025-02-27',45.880001068115234),('TMF','2025-02-28',44.9900016784668),('TMF','2025-03-01',46.58000183105469),('TMF','2025-03-04',47.22999954223633),('TMF','2025-03-05',45.4900016784668),('TMF','2025-03-06',44.400001525878906);
INSERT OR REPLACE INTO prices (ticker,date,close) VALUES ('TMF','2025-03-07',43.90999984741211),('TMF','2025-03-08',43.45000076293945),('TMF','2025-03-11',44.81999969482422),('TMF','2025-03-12',43.83000183105469),('TMF','2025-03-13',43.02000045776367),('TMF','2025-03-14',44.099998474121094),('TMF','2025-03-15',43.380001068115234),('TMF','2025-03-18',44.0099983215332),('TMF','2025-03-19',44.20000076293945),('TMF','2025-03-20',44.810001373291016),('TMF','2025-03-21',44.959999084472656),('TMF','2025-03-22',44.08000183105469),('TMF','2025-03-25',42.689998626708984),('TMF','2025-03-26',42.400001525878906),('TMF','2025-03-27',41.58000183105469),('TMF','2025-03-28',41.189998626708984),('TMF','2025-03-29',42.79999923706055),('TMF','2025-04-01',44.0),('TMF','2025-04-02',45.13999938964844),('TMF','2025-04-03',45.04999923706055),('TMF','2025-04-04',45.70000076293945),('TMF','2025-04-05',47.18000030517578),('TMF','2025-04-08',42.849998474121094),('TMF','2025-04-09',40.40999984741211),('TMF','2025-04-10',41.18000030517578),('TMF','2025-04-11',37.77000045776367),('TMF','2025-04-12',38.310001373291016),('TMF','2025-04-15',39.08000183105469),('TMF','2025-04-16',39.4900016784668),('TMF','2025-04-17',40.189998626708984),('TMF','2025-04-18',39.099998474121094),('TMF','2025-04-22',37.060001373291016),('TMF','2025-04-23',37.65999984741211),('TMF','2025-04-24',38.7400016784668),('TMF','2025-04-25',39.849998474121094),('TMF','2025-04-26',40.61000061035156),('TMF','2025-04-29',41.439998626708984),('TMF','2025-04-30',42.43000030517578),('TMF','2025-05-01',41.599998474121094),('TMF','2025-05-02',40.779998779296875),('TMF','2025-05-03',39.540000915527344),('TMF','2025-05-06',38.7599983215332),('TMF','2025-05-07',39.08000183105469),('TMF','2025-05-08',39.61000061035156),('TMF','2025-05-09',38.34000015258789),('TMF','2025-05-10',38.459999084472656),('TMF','2025-05-13',37.43000030517578),('TMF','2025-05-14',36.90999984741211),('TMF','2025-05-15',36.20000076293945),('TMF','2025-05-16',37.09000015258789),('TMF','2025-05-17',37.38999938964844),('TMF','2025-05-20',37.029998779296875),('TMF','2025-05-21',36.189998626708984),('TMF','2025-05-22',34.380001068115234),('TMF','2025-05-23',34.880001068115234),('TMF','2025-05-24',34.9900016784668),('TMF','2025-05-28',36.52000045776367),('TMF','2025-05-29',35.93000030517578),('TMF','2025-05-30',36.939998626708984),('TMF','2025-05-31',36.939998626708984),('TMF','2025-06-03',35.9900016784668),('TMF','2025-06-04',35.849998474121094),('TMF','2025-06-05',37.560001373291016),('TMF','2025-06-06',37.61000061035156),('TMF','2025-06-07',36.18000030517578),('TMF','2025-06-10',36.279998779296875),('TMF','2025-06-11',36.7599983215332),('TMF','2025-06-12',37.099998474121094),('TMF','2025-06-13',38.41999816894531),('TMF','2025-06-14',37.20000076293945),('TMF','2025-06-17',36.22999954223633),('TMF','2025-06-18',37.5),('TMF','2025-06-19',37.58000183105469),('TMF','2025-06-21',37.369998931884766),('TMF','2025-06-24',37.790000915527344),('TMF','2025-06-25',38.209999084472656),('TMF','2025-06-26',38.290000915527344),('TMF','2025-06-27',38.83000183105469),('TMF','2025-06-28',38.119998931884766),('TMF','2025-07-01',39.2400016784668),('TMF','2025-07-02',39.470001220703125),('TMF','2025-07-03',38.720001220703125),('TMF','2025-07-04',37.970001220703125),('TMF','2025-07-08',36.79999923706055),('TMF','2025-07-09',36.65999984741211),('TMF','2025-07-10',37.7400016784668),('TMF','2025-07-11',37.81999969482422),('TMF','2025-07-12',36.220001220703125),('TMF','2025-07-15',36.06999969482422),('TMF','2025-07-16',35.2599983215332),('TMF','2025-07-17',35.349998474121094),('TMF','2025-07-18',35.369998931884766),('TMF','2025-07-19',35.470001220703125),('TMF','2025-07-22',36.400001525878906),('TMF','2025-07-23',37.02000045776367),('TMF','2025-07-24',36.40999984741211),('TMF','2025-07-25',36.22999954223633),('TMF','2025-07-26',36.86000061035156),('TMF','2025-07-29',36.189998626708984),('TMF','2025-07-30',37.970001220703125),('TMF','2025-07-31',37.220001220703125),('TMF','2025-08-01',37.41999816894531),('TMF','2025-08-02',38.9900016784668),('TMF','2025-08-05',39.20000076293945),('TMF','2025-08-06',39.59000015258789),('TMF','2025-08-07',38.900001525878906),('TMF','2025-08-08',38.779998779296875),('TMF','2025-08-09',38.20000076293945),('TMF','2025-08-12',38.279998779296875),('TMF','2025-08-13',37.709999084472656),('TMF','2025-08-14',38.68000030517578),('TMF','2025-08-15',37.720001220703125),('TMF','2025-08-16',36.91999816894531),('TMF','2025-08-19',36.599998474121094),('TMF','2025-08-20',37.22999954223633),('TMF','2025-08-21',37.43000030517578),('TMF','2025-08-22',36.880001068115234),('TMF','2025-08-23',37.630001068115234),('TMF','2025-08-26',37.34000015258789),('TMF','2025-08-27',37.209999084472656),('TMF','2025-08-28',37.060001373291016),('TMF','2025-08-29',37.810001373291016),('TMF','2025-08-30',36.93000030517578),('TMF','2025-09-03',36.15999984741211),('TMF','2025-09-04',37.279998779296875),('TMF','2025-09-05',38.099998474121094),('TMF','2025-09-06',39.83000183105469),('TMF','2025-09-09',41.380001068115234),('TMF','2025-09-10',40.689998626708984),('TMF','2025-09-11',41.43000030517578),('TMF','2025-09-12',42.15999984741211),('TMF','2025-09-13',41.650001525878906),('TMF','2025-09-16',41.939998626708984),('TMF','2025-09-17',42.150001525878906),('TMF','2025-09-18',41.83000183105469),('TMF','2025-09-19',40.56999969482422),('TMF','2025-09-20',40.310001373291016),('TMF','2025-09-23',39.83000183105469),('TMF','2025-09-24',40.220001220703125),('TMF','2025-09-25',39.75),('TMF','2025-09-26',39.7599983215332),('TMF','2025-09-27',39.58000183105469),('TMF','2025-09-30',40.540000915527344),('TMF','2025-10-01',40.18000030517578),('TMF','2025-10-02',40.5),('TMF','2025-10-03',40.810001373291016),('TMF','2025-10-04',40.5099983215332),('TMF','2025-10-07',39.630001068115234),('TMF','2025-10-08',40.25),('TMF','2025-10-09',40.33000183105469),('TMF','2025-10-10',40.290000915527344),('TMF','2025-10-11',42.09000015258789),('TMF','2025-10-14',42.08000183105469),('TMF','2025-10-15',42.459999084472656),('TMF','2025-10-16',42.20000076293945),('TMF','2025-10-17',43.11000061035156),('TMF','2025-10-18',42.880001068115234),('TMF','2025-10-21',43.34000015258789),('TMF','2025-10-22',44.0),('TMF','2025-10-23',44.13999938964844),('TMF','2025-10-24',43.15999984741211),('TMF','2025-10-25',43.13999938964844),('TMF','2025-10-28',43.540000915527344),('TMF','2025-10-29',43.869998931884766),('TMF','2025-10-30',42.56999969482422),('TMF','2025-10-31',41.86000061035156),('TMF','2025-11-01',41.40999984741211),('TMF','2025-11-04',41.060001373291016),('TMF','2025-11-05',41.36000061035156),('TMF','2025-11-06',39.939998626708984),('TMF','2025-11-07',41.029998779296875),('TMF','2025-11-08',40.72999954223633),('TMF','2025-11-11',40.650001525878906),('TMF','2025-11-12',41.22999954223633),('TMF','2025-11-13',41.47999954223633),('TMF','2025-11-14',40.439998626708984),('TMF','2025-11-15',39.720001220703125),('TMF','2025-11-18',40.040000915527344),('TMF','2025-11-19',39.91999816894531),('TMF','2025-11-20',39.7400016784668),('TMF','2025-11-21',40.18000030517578),('TMF','2025-11-22',40.439998626708984),('TMF','2025-11-25',41.130001068115234),('TMF','2025-11-26',41.40999984741211),('TMF','2025-11-27',41.95000076293945),('TMF','2025-11-29',41.29999923706055),('TMF','2025-12-02',39.779998779296875),('TMF','2025-12-03',39.86000061035156),('TMF','2025-12-04',40.130001068115234),('TMF','2025-12-05',39.5099983215332),('TMF','2025-12-06',38.91999816894531),('TMF','2025-12-09',38.529998779296875),('TMF','2025-12-10',38.59000015258789),('TMF','2025-12-11',39.0),('TMF','2025-12-12',38.880001068115234),('TMF','2025-12-13',37.720001220703125),('TMF','2025-12-16',37.79999923706055),('TMF','2025-12-17',38.43000030517578),('TMF','2025-12-18',38.31999969482422),('TMF','2025-12-19',38.81999969482422);
INSERT OR REPLACE INTO prices (ticker,date,close) VALUES ('TMF','2025-12-20',38.25),('TMF','2025-12-23',38.11000061035156),('TMF','2025-12-24',37.83000183105469),('TMF','2025-12-25',38.45000076293945),('TMF','2025-12-27',38.06999969482422),('TMF','2025-12-30',38.45000076293945),('TMF','2025-12-31',38.209999084472656),('TMF','2026-01-01',37.31999969482422),('TMF','2026-01-03',37.099998474121094),('TMF','2026-01-06',37.599998474121094),('TMF','2026-01-07',37.369998931884766),('TMF','2026-01-08',38.029998779296875),('TMF','2026-01-09',37.41999816894531),('TMF','2026-01-10',38.13999938964844),('TMF','2026-01-13',37.790000915527344),('TMF','2026-01-14',37.959999084472656),('TMF','2026-01-15',38.619998931884766),('TMF','2026-01-16',38.61000061035156),('TMF','2026-01-17',37.880001068115234),('TMF','2026-01-21',36.43000030517578),('TMF','2026-01-22',37.2599983215332),('TMF','2026-01-23',37.70000076293945),('TMF','2026-01-24',37.93000030517578),('TMF','2026-01-27',38.470001220703125),('TMF','2026-01-28',37.7400016784668),('TMF','2026-01-29',37.47999954223633),('TMF','2026-01-30',37.5099983215332),('TMF','2026-01-31',36.93000030517578),('TMF','2026-02-03',36.56999969482422),('TMF','2026-02-04',36.779998779296875),('TMF','2026-02-05',36.4900016784668),('TMF','2026-02-06',37.61000061035156),('TMF','2026-02-07',37.65999984741211),('TMF','2026-02-10',37.65999984741211),('TMF','2026-02-11',38.959999084472656),('TMF','2026-02-12',38.29999923706055),('TMF','2026-02-13',39.86000061035156),('TMF','2026-02-14',40.41999816894531),('TMF','2026-02-18',40.709999084472656),('TMF','2026-02-19',40.20000076293945),('TMF','2026-02-20',40.33000183105469),('TMF','2026-02-21',40.0099983215332),('TMF','2026-02-24',40.41999816894531),('TMF','2026-02-25',40.560001373291016),('TMF','2026-02-26',40.61000061035156),('TMF','2026-02-27',41.11000061035156),('TMF','2026-02-28',41.77000045776367),('TMF','2026-03-03',40.529998779296875),('TMF','2026-03-04',40.29999923706055),('TMF','2026-03-05',39.900001525878906),('TMF','2026-03-06',39.45000076293945),('TMF','2026-03-07',38.959999084472656),('TMF','2026-03-10',39.90999984741211),('TMF','2026-03-11',38.709999084472656),('TMF','2026-03-12',37.189998626708984),('TMF','2026-03-13',36.970001220703125),('TMF','2026-03-14',36.400001525878906),('TMF','2026-03-17',37.15999984741211),('TMF','2026-03-18',37.52000045776367),('TMF','2026-03-19',36.86000061035156),('TMF','2026-03-20',37.5099983215332),('TMF','2026-03-21',35.380001068115234),('TMF','2026-03-24',36.0099983215332),('TMF','2026-03-25',35.34000015258789),('TMF','2026-03-26',36.279998779296875),('TMF','2026-03-27',35.41999816894531),('TMF','2026-03-28',34.810001373291016),('TMF','2026-03-31',36.130001068115234),('TMF','2026-04-01',36.060001373291016),('TMF','2026-04-02',35.959999084472656),('TMF','2026-04-03',36.529998779296875),('TMF','2026-04-07',36.38999938964844),('TMF','2026-04-08',36.310001373291016),('TMF','2026-04-09',36.66999816894531),('TMF','2026-04-10',36.40999984741211),('TMF','2026-04-11',36.130001068115234),('TMF','2026-04-14',36.40999984741211),('TMF','2026-04-15',36.959999084472656),('TMF','2026-04-16',36.47999954223633),('TMF','2026-04-17',35.83000183105469),('TMF','2026-04-18',36.689998626708984),('TMF','2026-04-21',36.68000030517578),('TMF','2026-04-22',36.06999969482422),('TMF','2026-04-23',36.279998779296875),('TMF','2026-04-24',36.06999969482422),('TMF','2026-04-25',36.18000030517578),('TMF','2026-04-28',35.689998626708984),('TMF','2026-04-29',35.7400016784668),('TMF','2026-04-30',34.93000030517578),('TMF','2026-05-01',34.81999969482422),('TMF','2026-05-02',35.130001068115234),('UPRO','2025-02-27',90.26000213623047),('UPRO','2025-02-28',85.94999694824219),('UPRO','2025-03-01',89.8499984741211),('UPRO','2025-03-04',85.25),('UPRO','2025-03-05',82.0999984741211),('UPRO','2025-03-06',84.66999816894531),('UPRO','2025-03-07',80.20999908447266),('UPRO','2025-03-08',81.38999938964844),('UPRO','2025-03-11',74.95999908447266),('UPRO','2025-03-12',73.08000183105469),('UPRO','2025-03-13',74.1500015258789),('UPRO','2025-03-14',71.19000244140625),('UPRO','2025-03-15',75.4800033569336),('UPRO','2025-03-18',77.18000030517578),('UPRO','2025-03-19',74.7300033569336),('UPRO','2025-03-20',77.05999755859375),('UPRO','2025-03-21',76.5),('UPRO','2025-03-22',76.5),('UPRO','2025-03-25',80.47000122070312),('UPRO','2025-03-26',81.0),('UPRO','2025-03-27',78.01000213623047),('UPRO','2025-03-28',77.27999877929688),('UPRO','2025-03-29',72.63999938964844),('UPRO','2025-04-01',73.9000015258789),('UPRO','2025-04-02',74.62000274658203),('UPRO','2025-04-03',76.02999877929688),('UPRO','2025-04-04',65.12999725341797),('UPRO','2025-04-05',53.81999969482422),('UPRO','2025-04-08',53.04999923706055),('UPRO','2025-04-09',50.650001525878906),('UPRO','2025-04-10',64.80999755859375),('UPRO','2025-04-11',58.029998779296875),('UPRO','2025-04-12',61.08000183105469),('UPRO','2025-04-15',62.779998779296875),('UPRO','2025-04-16',62.290000915527344),('UPRO','2025-04-17',58.119998931884766),('UPRO','2025-04-18',58.279998779296875),('UPRO','2025-04-22',54.13999938964844),('UPRO','2025-04-23',58.20000076293945),('UPRO','2025-04-24',60.9900016784668),('UPRO','2025-04-25',64.7699966430664),('UPRO','2025-04-26',66.13999938964844),('UPRO','2025-04-29',66.27999877929688),('UPRO','2025-04-30',67.4000015258789),('UPRO','2025-05-01',67.47000122070312),('UPRO','2025-05-02',68.91999816894531),('UPRO','2025-05-03',71.91000366210938),('UPRO','2025-05-06',70.7300033569336),('UPRO','2025-05-07',68.93000030517578),('UPRO','2025-05-08',69.80000305175781),('UPRO','2025-05-09',71.16000366210938),('UPRO','2025-05-10',70.83999633789062),('UPRO','2025-05-13',77.79000091552734),('UPRO','2025-05-14',79.37000274658203),('UPRO','2025-05-15',79.63999938964844),('UPRO','2025-05-16',80.77999877929688),('UPRO','2025-05-17',82.29000091552734),('UPRO','2025-05-20',82.55000305175781),('UPRO','2025-05-21',81.6500015258789),('UPRO','2025-05-22',77.55999755859375),('UPRO','2025-05-23',77.54000091552734),('UPRO','2025-05-24',75.91999816894531),('UPRO','2025-05-28',80.55999755859375),('UPRO','2025-05-29',79.16999816894531),('UPRO','2025-05-30',80.05999755859375),('UPRO','2025-05-31',79.77999877929688),('UPRO','2025-06-03',81.04000091552734),('UPRO','2025-06-04',82.4800033569336),('UPRO','2025-06-05',82.3499984741211),('UPRO','2025-06-06',81.11000061035156),('UPRO','2025-06-07',83.52999877929688),('UPRO','2025-06-10',83.7300033569336),('UPRO','2025-06-11',85.18000030517578),('UPRO','2025-06-12',84.44000244140625),('UPRO','2025-06-13',85.4000015258789),('UPRO','2025-06-14',82.41999816894531),('UPRO','2025-06-17',84.80000305175781),('UPRO','2025-06-18',82.58000183105469),('UPRO','2025-06-19',82.5199966430664),('UPRO','2025-06-21',81.80000305175781),('UPRO','2025-06-24',84.2300033569336),('UPRO','2025-06-25',87.01000213623047),('UPRO','2025-06-26',86.94999694824219),('UPRO','2025-06-27',88.91999816894531),('UPRO','2025-06-28',90.12000274658203),('UPRO','2025-07-01',91.44000244140625),('UPRO','2025-07-02',91.26000213623047),('UPRO','2025-07-03',92.47000122070312),('UPRO','2025-07-04',94.5999984741211),('UPRO','2025-07-08',92.4800033569336),('UPRO','2025-07-09',92.25),('UPRO','2025-07-10',93.87999725341797),('UPRO','2025-07-11',94.66000366210938),('UPRO','2025-07-12',93.55000305175781),('UPRO','2025-07-15',94.05999755859375),('UPRO','2025-07-16',92.83999633789062),('UPRO','2025-07-17',93.7300033569336),('UPRO','2025-07-18',95.45999908447266),('UPRO','2025-07-19',95.16999816894531),('UPRO','2025-07-22',95.68000030517578),('UPRO','2025-07-23',95.66999816894531),('UPRO','2025-07-24',98.08000183105469),('UPRO','2025-07-25',98.20999908447266),('UPRO','2025-07-26',99.27999877929688),('UPRO','2025-07-29',99.22000122070312),('UPRO','2025-07-30',98.43000030517578),('UPRO','2025-07-31',98.04000091552734),('UPRO','2025-08-01',96.83999633789062),('UPRO','2025-08-02',92.0199966430664);
INSERT OR REPLACE INTO prices (ticker,date,close) VALUES ('UPRO','2025-08-05',96.13999938964844),('UPRO','2025-08-06',94.7300033569336),('UPRO','2025-08-07',96.77999877929688),('UPRO','2025-08-08',96.5999984741211),('UPRO','2025-08-09',98.75),('UPRO','2025-08-12',98.06999969482422),('UPRO','2025-08-13',101.20999908447266),('UPRO','2025-08-14',102.26000213623047),('UPRO','2025-08-15',102.25),('UPRO','2025-08-16',101.47000122070312),('UPRO','2025-08-19',101.33000183105469),('UPRO','2025-08-20',99.62000274658203),('UPRO','2025-08-21',98.79000091552734),('UPRO','2025-08-22',97.63999938964844),('UPRO','2025-08-23',101.9800033569336),('UPRO','2025-08-26',100.66999816894531),('UPRO','2025-08-27',101.87999725341797),('UPRO','2025-08-28',102.5199966430664),('UPRO','2025-08-29',103.5999984741211),('UPRO','2025-08-30',101.62999725341797),('UPRO','2025-09-03',99.37999725341797),('UPRO','2025-09-04',100.87000274658203),('UPRO','2025-09-05',103.37999725341797),('UPRO','2025-09-06',102.37999725341797),('UPRO','2025-09-09',103.1500015258789),('UPRO','2025-09-10',103.86000061035156),('UPRO','2025-09-11',104.73999786376953),('UPRO','2025-09-12',107.27999877929688),('UPRO','2025-09-13',107.08000183105469),('UPRO','2025-09-16',108.7300033569336),('UPRO','2025-09-17',108.25),('UPRO','2025-09-18',107.86000061035156),('UPRO','2025-09-19',109.3499984741211),('UPRO','2025-09-20',110.80999755859375),('UPRO','2025-09-23',112.38999938964844),('UPRO','2025-09-24',110.5999984741211),('UPRO','2025-09-25',109.23999786376953),('UPRO','2025-09-26',107.68000030517578),('UPRO','2025-09-27',109.41999816894531),('UPRO','2025-09-30',110.31999969482422),('UPRO','2025-10-01',111.48999786376953),('UPRO','2025-10-02',112.69999694824219),('UPRO','2025-10-03',113.01000213623047),('UPRO','2025-10-04',112.87999725341797),('UPRO','2025-10-07',114.11000061035156),('UPRO','2025-10-08',112.83000183105469),('UPRO','2025-10-09',114.77999877929688),('UPRO','2025-10-10',113.79000091552734),('UPRO','2025-10-11',104.48999786376953),('UPRO','2025-10-14',109.23999786376953),('UPRO','2025-10-15',108.76000213623047),('UPRO','2025-10-16',110.1500015258789),('UPRO','2025-10-17',107.93000030517578),('UPRO','2025-10-18',109.63999938964844),('UPRO','2025-10-21',113.05000305175781),('UPRO','2025-10-22',113.0199966430664),('UPRO','2025-10-23',111.2300033569336),('UPRO','2025-10-24',113.0999984741211),('UPRO','2025-10-25',115.76000213623047),('UPRO','2025-10-28',119.9000015258789),('UPRO','2025-10-29',120.77999877929688),('UPRO','2025-10-30',120.91000366210938),('UPRO','2025-10-31',117.02999877929688),('UPRO','2025-11-01',117.94000244140625),('UPRO','2025-11-04',118.68000030517578),('UPRO','2025-11-05',114.45999908447266),('UPRO','2025-11-06',115.45999908447266),('UPRO','2025-11-07',111.76000213623047),('UPRO','2025-11-08',112.05000305175781),('UPRO','2025-11-11',117.12000274658203),('UPRO','2025-11-12',117.93000030517578),('UPRO','2025-11-13',118.12999725341797),('UPRO','2025-11-14',112.25),('UPRO','2025-11-15',112.08000183105469),('UPRO','2025-11-18',108.91000366210938),('UPRO','2025-11-19',106.19000244140625),('UPRO','2025-11-20',107.31999969482422),('UPRO','2025-11-21',102.37999725341797),('UPRO','2025-11-22',105.37999725341797),('UPRO','2025-11-25',110.01000213623047),('UPRO','2025-11-26',113.0199966430664),('UPRO','2025-11-27',115.31999969482422),('UPRO','2025-11-29',117.12999725341797),('UPRO','2025-12-02',115.48999786376953),('UPRO','2025-12-03',116.06999969482422),('UPRO','2025-12-04',117.20999908447266),('UPRO','2025-12-05',117.5199966430664),('UPRO','2025-12-06',118.02999877929688),('UPRO','2025-12-09',116.94999694824219),('UPRO','2025-12-10',116.61000061035156),('UPRO','2025-12-11',118.8499984741211),('UPRO','2025-12-12',119.55999755859375),('UPRO','2025-12-13',115.72000122070312),('UPRO','2025-12-16',115.18000030517578),('UPRO','2025-12-17',114.19999694824219),('UPRO','2025-12-18',110.38999938964844),('UPRO','2025-12-19',112.86000061035156),('UPRO','2025-12-20',115.80999755859375),('UPRO','2025-12-23',117.9000015258789),('UPRO','2025-12-24',119.51000213623047),('UPRO','2025-12-25',120.31999969482422),('UPRO','2025-12-27',120.2300033569336),('UPRO','2025-12-30',118.91999816894531),('UPRO','2025-12-31',118.44000244140625),('UPRO','2026-01-01',115.76000213623047),('UPRO','2026-01-03',116.33000183105469),('UPRO','2026-01-06',118.58999633789062),('UPRO','2026-01-07',120.6500015258789),('UPRO','2026-01-08',119.51000213623047),('UPRO','2026-01-09',119.36000061035156),('UPRO','2026-01-10',121.6500015258789),('UPRO','2026-01-13',122.2300033569336),('UPRO','2026-01-14',121.43000030517578),('UPRO','2026-01-15',119.66999816894531),('UPRO','2026-01-16',120.54000091552734),('UPRO','2026-01-17',120.12999725341797),('UPRO','2026-01-21',112.77999877929688),('UPRO','2026-01-22',116.58999633789062),('UPRO','2026-01-23',118.4000015258789),('UPRO','2026-01-24',118.41999816894531),('UPRO','2026-01-27',120.2300033569336),('UPRO','2026-01-28',121.66999816894531),('UPRO','2026-01-29',121.5999984741211),('UPRO','2026-01-30',120.73999786376953),('UPRO','2026-01-31',119.61000061035156),('UPRO','2026-02-03',121.43000030517578),('UPRO','2026-02-04',118.25),('UPRO','2026-02-05',116.48999786376953),('UPRO','2026-02-06',112.02999877929688),('UPRO','2026-02-07',118.4800033569336),('UPRO','2026-02-10',120.13999938964844),('UPRO','2026-02-11',119.1500015258789),('UPRO','2026-02-12',119.0),('UPRO','2026-02-13',113.48999786376953),('UPRO','2026-02-14',113.51000213623047),('UPRO','2026-02-18',114.05999755859375),('UPRO','2026-02-19',115.7699966430664),('UPRO','2026-02-20',114.88999938964844),('UPRO','2026-02-21',117.23999786376953),('UPRO','2026-02-24',113.66000366210938),('UPRO','2026-02-25',116.06999969482422),('UPRO','2026-02-26',118.94999694824219),('UPRO','2026-02-27',116.9800033569336),('UPRO','2026-02-28',115.30999755859375),('UPRO','2026-03-03',115.31999969482422),('UPRO','2026-03-04',112.23999786376953),('UPRO','2026-03-05',114.61000061035156),('UPRO','2026-03-06',112.69999694824219),('UPRO','2026-03-07',108.16000366210938),('UPRO','2026-03-10',110.97000122070312),('UPRO','2026-03-11',110.30999755859375),('UPRO','2026-03-12',109.94000244140625),('UPRO','2026-03-13',104.88999938964844),('UPRO','2026-03-14',103.01000213623047),('UPRO','2026-03-17',106.0999984741211),('UPRO','2026-03-18',106.91999816894531),('UPRO','2026-03-19',102.47000122070312),('UPRO','2026-03-20',101.62999725341797),('UPRO','2026-03-21',97.08999633789062),('UPRO','2026-03-24',100.20999908447266),('UPRO','2026-03-25',99.16999816894531),('UPRO','2026-03-26',100.5199966430664),('UPRO','2026-03-27',95.18000030517578),('UPRO','2026-03-28',90.20999908447266),('UPRO','2026-03-31',89.29000091552734),('UPRO','2026-04-01',96.9800033569336),('UPRO','2026-04-02',99.16999816894531),('UPRO','2026-04-03',99.37999725341797),('UPRO','2026-04-07',100.73999786376953),('UPRO','2026-04-08',100.8499984741211),('UPRO','2026-04-09',108.45999908447266),('UPRO','2026-04-10',110.36000061035156),('UPRO','2026-04-11',110.01000213623047),('UPRO','2026-04-14',113.2300033569336),('UPRO','2026-04-15',117.33999633789062),('UPRO','2026-04-16',120.05999755859375),('UPRO','2026-04-17',120.95999908447266),('UPRO','2026-04-18',125.2300033569336),('UPRO','2026-04-21',124.48999786376953),('UPRO','2026-04-22',122.06999969482422),('UPRO','2026-04-23',125.69000244140625),('UPRO','2026-04-24',124.16000366210938),('UPRO','2026-04-25',126.98999786376953),('UPRO','2026-04-28',127.58999633789062),('UPRO','2026-04-29',125.69000244140625),('UPRO','2026-04-30',125.62000274658203),('UPRO','2026-05-01',129.17999267578125),('UPRO','2026-05-02',130.3000030517578),('0050.TW','2025-02-26',48.67499923706055),('0050.TW','2025-02-27',48.125),('0050.TW','2025-03-03',47.01250076293945),('0050.TW','2025-03-04',46.70000076293945),('0050.TW','2025-03-05',47.3125),('0050.TW','2025-03-06',47.025001525878906),('0050.TW','2025-03-07',46.587501525878906),('0050.TW','2025-03-10',46.3125),('0050.TW','2025-03-11',45.5),('0050.TW','2025-03-12',45.70000076293945),('0050.TW','2025-03-13',45.275001525878906),('0050.TW','2025-03-14',45.125);
INSERT OR REPLACE INTO prices (ticker,date,close) VALUES ('0050.TW','2025-03-17',45.51250076293945),('0050.TW','2025-03-18',45.70000076293945),('0050.TW','2025-03-19',45.13750076293945),('0050.TW','2025-03-20',46.11249923706055),('0050.TW','2025-03-21',45.73749923706055),('0050.TW','2025-03-24',45.6875),('0050.TW','2025-03-25',46.162498474121094),('0050.TW','2025-03-26',46.125),('0050.TW','2025-03-27',45.25),('0050.TW','2025-03-28',44.79999923706055),('0050.TW','2025-03-31',43.1875),('0050.TW','2025-04-01',44.07500076293945),('0050.TW','2025-04-02',44.0),('0050.TW','2025-04-07',39.599998474121094),('0050.TW','2025-04-08',38.3125),('0050.TW','2025-04-09',36.54999923706055),('0050.TW','2025-04-10',40.20000076293945),('0050.TW','2025-04-11',41.13750076293945),('0050.TW','2025-04-14',40.92499923706055),('0050.TW','2025-04-15',41.337501525878906),('0050.TW','2025-04-16',40.587501525878906),('0050.TW','2025-04-17',40.13750076293945),('0050.TW','2025-04-18',40.224998474121094),('0050.TW','2025-04-21',39.650001525878906),('0050.TW','2025-04-22',38.98749923706055),('0050.TW','2025-04-23',40.712501525878906),('0050.TW','2025-04-24',40.474998474121094),('0050.TW','2025-04-25',41.4375),('0050.TW','2025-04-28',41.787498474121094),('0050.TW','2025-04-29',41.95000076293945),('0050.TW','2025-04-30',42.150001525878906),('0050.TW','2025-05-02',43.375),('0050.TW','2025-05-05',42.98749923706055),('0050.TW','2025-05-06',42.75),('0050.TW','2025-05-07',42.587501525878906),('0050.TW','2025-05-08',43.150001525878906),('0050.TW','2025-05-09',43.6875),('0050.TW','2025-05-12',44.17499923706055),('0050.TW','2025-05-13',44.712501525878906),('0050.TW','2025-05-14',45.724998474121094),('0050.TW','2025-05-15',45.625),('0050.TW','2025-05-16',45.75),('0050.TW','2025-05-19',45.11249923706055),('0050.TW','2025-05-20',45.20000076293945),('0050.TW','2025-05-21',45.900001525878906),('0050.TW','2025-05-22',45.400001525878906),('0050.TW','2025-05-23',45.212501525878906),('0050.TW','2025-05-26',45.162498474121094),('0050.TW','2025-05-27',44.76250076293945),('0050.TW','2025-05-28',44.837501525878906),('0050.TW','2025-05-29',44.9375),('0050.TW','2025-06-02',43.974998474121094),('0050.TW','2025-06-03',44.287498474121094),('0050.TW','2025-06-04',45.32500076293945),('0050.TW','2025-06-05',45.412498474121094),('0050.TW','2025-06-06',45.48749923706055),('0050.TW','2025-06-09',45.92499923706055),('0050.TW','2025-06-10',47.162498474121094),('0050.TW','2025-06-11',47.162498474121094),('0050.TW','2025-06-12',47.162498474121094),('0050.TW','2025-06-13',47.162498474121094),('0050.TW','2025-06-16',47.162498474121094),('0050.TW','2025-06-17',47.162498474121094),('0050.TW','2025-06-18',47.56999969482422),('0050.TW','2025-06-19',47.099998474121094),('0050.TW','2025-06-20',47.029998779296875),('0050.TW','2025-06-23',46.63999938964844),('0050.TW','2025-06-24',47.4900016784668),('0050.TW','2025-06-25',48.18000030517578),('0050.TW','2025-06-26',48.2400016784668),('0050.TW','2025-06-27',48.290000915527344),('0050.TW','2025-06-30',48.36000061035156),('0050.TW','2025-07-01',48.63999938964844),('0050.TW','2025-07-02',48.650001525878906),('0050.TW','2025-07-03',49.31999969482422),('0050.TW','2025-07-04',48.86000061035156),('0050.TW','2025-07-07',48.56999969482422),('0050.TW','2025-07-08',48.349998474121094),('0050.TW','2025-07-09',48.849998474121094),('0050.TW','2025-07-10',49.40999984741211),('0050.TW','2025-07-11',49.619998931884766),('0050.TW','2025-07-14',49.33000183105469),('0050.TW','2025-07-15',50.0),('0050.TW','2025-07-16',50.400001525878906),('0050.TW','2025-07-17',50.70000076293945),('0050.TW','2025-07-18',51.45000076293945),('0050.TW','2025-07-21',50.900001525878906),('0050.TW','2025-07-22',50.54999923706055),('0050.TW','2025-07-23',50.70000076293945),('0050.TW','2025-07-24',51.0),('0050.TW','2025-07-25',50.900001525878906),('0050.TW','2025-07-28',51.04999923706055),('0050.TW','2025-07-29',50.45000076293945),('0050.TW','2025-07-30',51.0),('0050.TW','2025-07-31',51.54999923706055),('0050.TW','2025-08-01',51.099998474121094),('0050.TW','2025-08-04',50.79999923706055),('0050.TW','2025-08-05',51.45000076293945),('0050.TW','2025-08-06',51.0),('0050.TW','2025-08-07',52.45000076293945),('0050.TW','2025-08-08',52.45000076293945),('0050.TW','2025-08-11',52.849998474121094),('0050.TW','2025-08-12',52.900001525878906),('0050.TW','2025-08-13',53.349998474121094),('0050.TW','2025-08-14',53.150001525878906),('0050.TW','2025-08-15',53.150001525878906),('0050.TW','2025-08-18',53.29999923706055),('0050.TW','2025-08-19',53.20000076293945),('0050.TW','2025-08-20',51.70000076293945),('0050.TW','2025-08-21',52.0),('0050.TW','2025-08-22',51.75),('0050.TW','2025-08-25',52.70000076293945),('0050.TW','2025-08-26',52.75),('0050.TW','2025-08-27',53.0),('0050.TW','2025-08-28',52.5),('0050.TW','2025-08-29',52.5),('0050.TW','2025-09-01',52.0),('0050.TW','2025-09-02',52.0),('0050.TW','2025-09-03',51.95000076293945),('0050.TW','2025-09-04',52.29999923706055),('0050.TW','2025-09-05',52.849998474121094),('0050.TW','2025-09-08',53.349998474121094),('0050.TW','2025-09-09',53.900001525878906),('0050.TW','2025-09-10',54.95000076293945),('0050.TW','2025-09-11',55.45000076293945),('0050.TW','2025-09-12',56.0),('0050.TW','2025-09-15',56.0),('0050.TW','2025-09-16',56.75),('0050.TW','2025-09-17',56.349998474121094),('0050.TW','2025-09-18',56.95000076293945),('0050.TW','2025-09-19',57.0),('0050.TW','2025-09-22',57.400001525878906),('0050.TW','2025-09-23',58.45000076293945),('0050.TW','2025-09-24',58.400001525878906),('0050.TW','2025-09-25',58.20000076293945),('0050.TW','2025-09-26',57.25),('0050.TW','2025-09-30',57.79999923706055),('0050.TW','2025-10-01',58.099998474121094),('0050.TW','2025-10-02',59.20000076293945),('0050.TW','2025-10-03',60.04999923706055),('0050.TW','2025-10-07',61.70000076293945),('0050.TW','2025-10-08',61.150001525878906),('0050.TW','2025-10-09',61.599998474121094),('0050.TW','2025-10-13',61.0),('0050.TW','2025-10-14',60.70000076293945),('0050.TW','2025-10-15',61.79999923706055),('0050.TW','2025-10-16',63.0),('0050.TW','2025-10-17',62.04999923706055),('0050.TW','2025-10-20',63.099998474121094),('0050.TW','2025-10-21',63.20000076293945),('0050.TW','2025-10-22',62.70000076293945),('0050.TW','2025-10-23',62.349998474121094),('0050.TW','2025-10-27',63.79999923706055),('0050.TW','2025-10-28',63.349998474121094),('0050.TW','2025-10-29',64.4000015258789),('0050.TW','2025-10-30',64.4000015258789),('0050.TW','2025-10-31',64.75),('0050.TW','2025-11-03',64.1500015258789),('0050.TW','2025-11-04',63.95000076293945),('0050.TW','2025-11-05',63.150001525878906),('0050.TW','2025-11-06',63.29999923706055),('0050.TW','2025-11-07',62.54999923706055),('0050.TW','2025-11-10',63.349998474121094),('0050.TW','2025-11-11',62.900001525878906),('0050.TW','2025-11-12',63.20000076293945),('0050.TW','2025-11-13',62.900001525878906),('0050.TW','2025-11-14',61.70000076293945),('0050.TW','2025-11-17',61.900001525878906),('0050.TW','2025-11-18',60.45000076293945),('0050.TW','2025-11-19',60.04999923706055),('0050.TW','2025-11-20',61.900001525878906),('0050.TW','2025-11-21',59.849998474121094),('0050.TW','2025-11-24',59.54999923706055),('0050.TW','2025-11-25',60.349998474121094),('0050.TW','2025-11-26',61.349998474121094),('0050.TW','2025-11-27',61.900001525878906),('0050.TW','2025-11-28',62.349998474121094),('0050.TW','2025-12-01',61.5),('0050.TW','2025-12-02',61.70000076293945),('0050.TW','2025-12-03',62.29999923706055),('0050.TW','2025-12-04',62.20000076293945),('0050.TW','2025-12-05',62.75),('0050.TW','2025-12-08',63.70000076293945),('0050.TW','2025-12-09',63.599998474121094),('0050.TW','2025-12-10',64.05000305175781),('0050.TW','2025-12-11',63.349998474121094),('0050.TW','2025-12-12',63.45000076293945),('0050.TW','2025-12-15',62.79999923706055),('0050.TW','2025-12-16',62.25),('0050.TW','2025-12-17',61.900001525878906),('0050.TW','2025-12-18',61.900001525878906),('0050.TW','2025-12-19',62.5),('0050.TW','2025-12-22',63.400001525878906),('0050.TW','2025-12-23',63.70000076293945),('0050.TW','2025-12-24',63.849998474121094),('0050.TW','2025-12-26',64.4000015258789),('0050.TW','2025-12-29',65.25),('0050.TW','2025-12-30',65.1500015258789),('0050.TW','2025-12-31',65.5999984741211),('0050.TW','2026-01-02',66.94999694824219);
INSERT OR REPLACE INTO prices (ticker,date,close) VALUES ('0050.TW','2026-01-05',69.5),('0050.TW','2026-01-06',70.4000015258789),('0050.TW','2026-01-07',69.8499984741211),('0050.TW','2026-01-08',70.0999984741211),('0050.TW','2026-01-09',69.8499984741211),('0050.TW','2026-01-12',70.3499984741211),('0050.TW','2026-01-13',70.69999694824219),('0050.TW','2026-01-14',70.75),('0050.TW','2026-01-15',70.6500015258789),('0050.TW','2026-01-16',72.0),('0050.TW','2026-01-19',72.5999984741211),('0050.TW','2026-01-20',72.5999984741211),('0050.TW','2026-01-21',71.8499984741211),('0050.TW','2026-01-22',71.80000305175781),('0050.TW','2026-01-23',72.25),('0050.TW','2026-01-26',72.25),('0050.TW','2026-01-27',73.05000305175781),('0050.TW','2026-01-28',74.19999694824219),('0050.TW','2026-01-29',73.75),('0050.TW','2026-01-30',72.5999984741211),('0050.TW','2026-02-02',71.5),('0050.TW','2026-02-03',72.94999694824219),('0050.TW','2026-02-04',72.9000015258789),('0050.TW','2026-02-05',72.0),('0050.TW','2026-02-06',71.9000015258789),('0050.TW','2026-02-09',73.94999694824219),('0050.TW','2026-02-10',75.5),('0050.TW','2026-02-11',77.19999694824219),('0050.TW','2026-02-23',77.4000015258789),('0050.TW','2026-02-24',79.4000015258789),('0050.TW','2026-02-25',81.0999984741211),('0050.TW','2026-02-26',81.1500015258789),('0050.TW','2026-03-02',80.3499984741211),('0050.TW','2026-03-03',78.75),('0050.TW','2026-03-04',75.5999984741211),('0050.TW','2026-03-05',77.4000015258789),('0050.TW','2026-03-06',76.8499984741211),('0050.TW','2026-03-09',73.5999984741211),('0050.TW','2026-03-10',75.19999694824219),('0050.TW','2026-03-11',78.19999694824219),('0050.TW','2026-03-12',76.5999984741211),('0050.TW','2026-03-13',75.94999694824219),('0050.TW','2026-03-16',75.5999984741211),('0050.TW','2026-03-17',76.6500015258789),('0050.TW','2026-03-18',77.80000305175781),('0050.TW','2026-03-19',76.0),('0050.TW','2026-03-20',75.9000015258789),('0050.TW','2026-03-23',74.25),('0050.TW','2026-03-24',74.4000015258789),('0050.TW','2026-03-25',76.19999694824219),('0050.TW','2026-03-26',75.80000305175781),('0050.TW','2026-03-27',75.0),('0050.TW','2026-03-30',73.9000015258789),('0050.TW','2026-03-31',72.3499984741211),('0050.TW','2026-04-01',75.44999694824219),('0050.TW','2026-04-02',73.94999694824219),('0050.TW','2026-04-07',75.30000305175781),('0050.TW','2026-04-08',79.19999694824219),('0050.TW','2026-04-09',79.1500015258789),('0050.TW','2026-04-10',80.75),('0050.TW','2026-04-13',80.5999984741211),('0050.TW','2026-04-14',83.0999984741211),('0050.TW','2026-04-15',84.1500015258789),('0050.TW','2026-04-16',85.0),('0050.TW','2026-04-17',84.1500015258789),('0050.TW','2026-04-20',84.55000305175781),('0050.TW','2026-04-21',86.0),('0050.TW','2026-04-22',86.3499984741211),('0050.TW','2026-04-23',86.3499984741211),('0050.TW','2026-04-24',89.94999694824219),('0050.TW','2026-04-27',93.0),('0050.TW','2026-04-28',92.0),('0050.TW','2026-04-29',90.75),('0050.TW','2026-04-30',90.5),('TLT','2026-05-05',84.95999908447266),('TLT','2026-05-06',85.43000030517578),('TLT','2026-05-07',86.11499786376953),('VOO','2026-05-05',660.1199951171875),('VOO','2026-05-06',665.2999877929688),('VOO','2026-05-07',672.6699829101562),('TMF','2026-05-05',34.400001525878906),('TMF','2026-05-06',34.880001068115234),('TMF','2026-05-07',35.724998474121094),('UPRO','2026-05-05',128.85000610351562),('UPRO','2026-05-06',131.85000610351562),('UPRO','2026-05-07',136.1699981689453),('0050.TW','2026-05-04',94.5999984741211),('0050.TW','2026-05-05',94.5999984741211),('TLT','2026-05-04 00:00:00',84.95999908447266),('TMF','2026-05-04 00:00:00',34.400001525878906),('UPRO','2026-05-04 00:00:00',128.85000610351562),('VOO','2026-05-04 00:00:00',660.1199951171875),('0050.TW','2026-05-06 00:00:00',95.75),('0050.TW','2026-05-07 00:00:00',97.69999694824219),('0050.TW','2026-05-08 00:00:00',97.0),('TLT','2026-05-08 00:00:00',86.08000183105469),('TMF','2026-05-08 00:00:00',35.59000015258789),('UPRO','2026-05-08 00:00:00',139.22000122070312),('VOO','2026-05-08 00:00:00',678.0399780273438),('0050.TW','2026-05-11 00:00:00',96.9000015258789),('TLT','2026-05-11 00:00:00',85.55999755859375),('TMF','2026-05-11 00:00:00',34.959999084472656),('UPRO','2026-05-11 00:00:00',140.08999633789062),('VOO','2026-05-11 00:00:00',679.52001953125),('0050.TW','2026-05-12 00:00:00',96.8499984741211),('TLT','2026-05-12 00:00:00',84.98999786376953),('TMF','2026-05-12 00:00:00',34.29999923706055),('UPRO','2026-05-12 00:00:00',139.52999877929688),('VOO','2026-05-12 00:00:00',678.6699829101562),('0050.TW','2026-05-13 00:00:00',95.5),('TLT','2026-05-13 00:00:00',84.80000305175781),('TMF','2026-05-13 00:00:00',34.04999923706055),('UPRO','2026-05-13 00:00:00',141.8300018310547),('VOO','2026-05-13 00:00:00',682.4099731445312),('0050.TW','2026-05-14 00:00:00',96.05000305175781),('TLT','2026-05-14 00:00:00',84.91999816894531),('TMF','2026-05-14 00:00:00',34.18000030517578),('UPRO','2026-05-14 00:00:00',145.10000610351562),('VOO','2026-05-14 00:00:00',687.72998046875),('0050.TW','2026-05-15 00:00:00',95.4000015258789),('TLT','2026-05-15 00:00:00',83.66000366210938),('TMF','2026-05-15 00:00:00',32.68000030517578),('UPRO','2026-05-15 00:00:00',139.72999572753906),('VOO','2026-05-15 00:00:00',679.4400024414062),('0050.TW','2026-05-18 00:00:00',94.9000015258789),('TLT','2026-05-18 00:00:00',83.55999755859375),('TMF','2026-05-18 00:00:00',32.52000045776367),('UPRO','2026-05-18 00:00:00',139.36000061035156),('VOO','2026-05-18 00:00:00',678.9099731445312),('0050.TW','2026-05-19 00:00:00',93.0999984741211),('TLT','2026-05-19 00:00:00',83.0199966430664),('TMF','2026-05-19 00:00:00',31.850000381469727),('UPRO','2026-05-19 00:00:00',136.63999938964844),('VOO','2026-05-19 00:00:00',674.5900268554688),('0050.TW','2026-05-20 00:00:00',92.5),('TLT','2026-05-20 00:00:00',83.91000366210938),('TMF','2026-05-20 00:00:00',32.849998474121094),('UPRO','2026-05-20 00:00:00',140.8300018310547),('VOO','2026-05-20 00:00:00',681.5700073242188),('0050.TW','2026-05-21 00:00:00',95.8499984741211),('TLT','2026-05-21 00:00:00',84.22000122070312),('TMF','2026-05-21 00:00:00',33.220001220703125),('UPRO','2026-05-21 00:00:00',141.5800018310547),('VOO','2026-05-21 00:00:00',682.8400268554688),('0050.TW','2026-05-22 00:00:00',97.30000305175781),('TLT','2026-05-22 00:00:00',84.68000030517578),('TMF','2026-05-22 00:00:00',33.689998626708984),('UPRO','2026-05-22 00:00:00',143.0800018310547),('VOO','2026-05-22 00:00:00',685.5499877929688),('0050.TW','2026-05-25 00:00:00',100.80000305175781),('0050.TW','2026-05-26 00:00:00',100.0999984741211),('TLT','2026-05-26 00:00:00',85.0999984741211),('TMF','2026-05-26 00:00:00',34.209999084472656),('UPRO','2026-05-26 00:00:00',145.86000061035156),('VOO','2026-05-26 00:00:00',690.010009765625),('0050.TW','2026-05-27 00:00:00',102.55000305175781),('TLT','2026-05-27 00:00:00',85.30000305175781),('TMF','2026-05-27 00:00:00',34.439998626708984),('UPRO','2026-05-27 00:00:00',145.83999633789062),('VOO','2026-05-27 00:00:00',689.9600219726562),('0050.TW','2026-05-28 00:00:00',100.5),('TLT','2026-05-28 00:00:00',85.73999786376953),('TMF','2026-05-28 00:00:00',34.939998626708984),('UPRO','2026-05-28 00:00:00',148.19000244140625),('VOO','2026-05-28 00:00:00',693.9099731445312),('0050.TW','2026-05-29 00:00:00',105.4000015258789),('TLT','2026-05-29 00:00:00',85.76000213623047),('TMF','2026-05-29 00:00:00',34.939998626708984),('UPRO','2026-05-29 00:00:00',149.17999267578125),('VOO','2026-05-29 00:00:00',695.489990234375),('0050.TW','2026-06-01 00:00:00',105.5),('TLT','2026-06-01 00:00:00',85.47000122070312),('TMF','2026-06-01 00:00:00',35.0),('UPRO','2026-06-01 00:00:00',150.2899932861328),('VOO','2026-06-01 00:00:00',697.2999877929688),('0050.TW','2026-06-02 00:00:00',105.69999694824219),('TLT','2026-06-02 00:00:00',85.6500015258789),('TMF','2026-06-02 00:00:00',35.220001220703125),('UPRO','2026-06-02 00:00:00',150.8699951171875),('VOO','2026-06-02 00:00:00',698.260009765625),('0050.TW','2026-06-03 00:00:00',107.5999984741211),('TLT','2026-06-03 00:00:00',85.30999755859375),('TMF','2026-06-03 00:00:00',34.81999969482422),('UPRO','2026-06-03 00:00:00',147.72000122070312),('VOO','2026-06-03 00:00:00',693.3599853515625),('0050.TW','2026-06-04 00:00:00',106.0999984741211),('TLT','2026-06-04 00:00:00',85.5),('TMF','2026-06-04 00:00:00',35.02000045776367),('UPRO','2026-06-04 00:00:00',149.3300018310547),('VOO','2026-06-04 00:00:00',696.0599975585938),('0050.TW','2026-06-05 00:00:00',104.1500015258789),('TLT','2026-06-05 00:00:00',85.05999755859375),('TMF','2026-06-05 00:00:00',34.470001220703125),('UPRO','2026-06-05 00:00:00',137.52999877929688),('VOO','2026-06-05 00:00:00',678.0),('0050.TW','2026-06-08 00:00:00',100.94999694824219),('TLT','2026-06-08 00:00:00',84.62000274658203),('TMF','2026-06-08 00:00:00',33.970001220703125),('UPRO','2026-06-08 00:00:00',138.57000732421875),('VOO','2026-06-08 00:00:00',679.6799926757812);
INSERT OR REPLACE INTO prices (ticker,date,close) VALUES ('0050.TW','2026-06-09 00:00:00',103.5),('TLT','2026-06-09 00:00:00',85.12000274658203),('TMF','2026-06-09 00:00:00',34.54999923706055),('UPRO','2026-06-09 00:00:00',137.22999572753906),('VOO','2026-06-09 00:00:00',677.7000122070312),('0050.TW','2026-06-10 00:00:00',100.25),('TLT','2026-06-10 00:00:00',84.87999725341797),('TMF','2026-06-10 00:00:00',34.189998626708984),('UPRO','2026-06-10 00:00:00',130.69000244140625),('VOO','2026-06-10 00:00:00',667.0499877929688),('0050.TW','2026-06-11 00:00:00',99.8499984741211),('TLT','2026-06-11 00:00:00',85.9800033569336),('TMF','2026-06-11 00:00:00',35.5),('UPRO','2026-06-11 00:00:00',137.2899932861328),('VOO','2026-06-11 00:00:00',678.22998046875),('0050.TW','2026-06-12 00:00:00',101.94999694824219),('TLT','2026-06-12 00:00:00',85.7699966430664),('TMF','2026-06-12 00:00:00',35.16999816894531),('UPRO','2026-06-12 00:00:00',139.41000366210938),('VOO','2026-06-12 00:00:00',681.9500122070312),('TQQQ','2026-06-13',76.115),('BOXX','2026-06-13',116.995);
INSERT OR REPLACE INTO exchange_rates (date,usd_twd) VALUES ('2025-02-26',32.77830123901367),('2025-02-27',32.750301361083984),('2025-02-28',32.90169906616211),('2025-03-03',32.904998779296875),('2025-03-04',32.88890075683594),('2025-03-05',32.7947998046875),('2025-03-06',32.80110168457031),('2025-03-07',32.8578987121582),('2025-03-10',32.82699966430664),('2025-03-11',32.866600036621094),('2025-03-12',32.86880111694336),('2025-03-13',32.90629959106445),('2025-03-14',32.96839904785156),('2025-03-17',32.92599868774414),('2025-03-18',32.95640182495117),('2025-03-19',32.97919845581055),('2025-03-20',33.003299713134766),('2025-03-21',32.987300872802734),('2025-03-24',32.974998474121094),('2025-03-25',33.01129913330078),('2025-03-26',33.0452995300293),('2025-03-27',33.0885009765625),('2025-03-28',33.11140060424805),('2025-03-31',33.18579864501953),('2025-04-01',33.23910140991211),('2025-04-02',33.20349884033203),('2025-04-03',33.26250076293945),('2025-04-04',33.03110122680664),('2025-04-07',33.162498474121094),('2025-04-08',32.980098724365234),('2025-04-09',33.0806999206543),('2025-04-10',32.58810043334961),('2025-04-11',32.78630065917969),('2025-04-14',32.36199951171875),('2025-04-15',32.3568000793457),('2025-04-16',32.50400161743164),('2025-04-17',32.37879943847656),('2025-04-22',32.44060134887695),('2025-04-23',32.57360076904297),('2025-04-24',32.532798767089844),('2025-04-25',32.43560028076172),('2025-04-28',32.51900100708008),('2025-04-29',32.425899505615234),('2025-04-30',32.32170104980469),('2025-05-01',32.03200149536133),('2025-05-02',32.11159896850586),('2025-05-05',30.704299926757812),('2025-05-06',29.15999984741211),('2025-05-07',29.97760009765625),('2025-05-08',30.39069938659668),('2025-05-09',30.268999099731445),('2025-05-12',30.246400833129883),('2025-05-13',30.39310073852539),('2025-05-14',30.424999237060547),('2025-05-15',30.33970069885254),('2025-05-16',30.16699981689453),('2025-05-19',30.202600479125977),('2025-05-20',30.14579963684082),('2025-05-21',30.146299362182617),('2025-05-22',30.0221004486084),('2025-05-23',30.046899795532227),('2025-05-26',29.971500396728516),('2025-05-27',29.915000915527344),('2025-05-28',29.964799880981445),('2025-05-29',29.950000762939453),('2025-05-30',29.850099563598633),('2025-06-02',29.871000289916992),('2025-06-03',29.987300872802734),('2025-06-04',29.965900421142578),('2025-06-05',29.941999435424805),('2025-06-06',29.94529914855957),('2025-06-09',29.917699813842773),('2025-06-10',29.913799285888672),('2025-06-11',29.888900756835938),('2025-06-12',29.8075008392334),('2025-06-13',29.52519989013672),('2025-06-16',29.5049991607666),('2025-06-17',29.0049991607666),('2025-06-18',29.6471004486084),('2025-06-19',29.54170036315918),('2025-06-20',29.571300506591797),('2025-06-23',29.533000946044922),('2025-06-24',29.673900604248047),('2025-06-25',29.458099365234375),('2025-06-26',29.341899871826172),('2025-06-27',28.819000244140625),('2025-06-30',29.094999313354492),('2025-07-01',29.206600189208984),('2025-07-02',29.225900650024414),('2025-07-03',28.96809959411621),('2025-07-04',28.91710090637207),('2025-07-07',28.900999069213867),('2025-07-08',29.068300247192383),('2025-07-09',29.107099533081055),('2025-07-10',29.20560073852539),('2025-07-11',29.243000030517578),('2025-07-14',29.21299934387207),('2025-07-15',29.346099853515625),('2025-07-16',29.388099670410156),('2025-07-17',29.400999069213867),('2025-07-18',29.403200149536133),('2025-07-21',29.378000259399414),('2025-07-22',29.333599090576172),('2025-07-23',29.39900016784668),('2025-07-24',29.23419952392578),('2025-07-25',29.391000747680664),('2025-07-28',29.472000122070312),('2025-07-29',29.656999588012695),('2025-07-30',29.68950080871582),('2025-07-31',29.827999114990234),('2025-08-01',29.9060001373291),('2025-08-04',29.815000534057617),('2025-08-05',29.88409996032715),('2025-08-06',29.937400817871094),('2025-08-07',29.91469955444336),('2025-08-08',29.8080997467041),('2025-08-11',29.85099983215332),('2025-08-12',29.947999954223633),('2025-08-13',29.87809944152832),('2025-08-14',29.939699172973633),('2025-08-15',30.07900047302246),('2025-08-18',29.98900032043457),('2025-08-19',30.025100708007812),('2025-08-20',30.1072998046875),('2025-08-21',30.280099868774414),('2025-08-22',30.516000747680664),('2025-08-25',30.367300033569336),('2025-08-26',30.444000244140625),('2025-08-27',30.546600341796875),('2025-08-28',30.575000762939453),('2025-08-29',30.492799758911133),('2025-09-01',30.56049919128418),('2025-09-02',30.62529945373535),('2025-09-03',30.743999481201172),('2025-09-04',30.722000122070312),('2025-09-05',30.694000244140625),('2025-09-08',30.479000091552734),('2025-09-09',30.331100463867188),('2025-09-10',30.351600646972656),('2025-09-11',30.236799240112305),('2025-09-12',30.290000915527344),('2025-09-15',30.284900665283203),('2025-09-16',30.19409942626953),('2025-09-17',30.047199249267578),('2025-09-18',30.08639907836914),('2025-09-19',30.11050033569336),('2025-09-22',30.215999603271484),('2025-09-23',30.21769905090332),('2025-09-24',30.27400016784668),('2025-09-25',30.364099502563477),('2025-09-26',30.561500549316406),('2025-09-29',30.444000244140625),('2025-09-30',30.458200454711914),('2025-10-01',30.442100524902344),('2025-10-02',30.44700050354004),('2025-10-03',30.46380043029785),('2025-10-06',30.420000076293945),('2025-10-07',30.510499954223633),('2025-10-08',30.536699295043945),('2025-10-09',30.524999618530273),('2025-10-10',30.58329963684082),('2025-10-13',30.665000915527344),('2025-10-14',30.69099998474121),('2025-10-15',30.683900833129883),('2025-10-16',30.609800338745117),('2025-10-17',30.611900329589844),('2025-10-20',30.62190055847168),('2025-10-21',30.597299575805664),('2025-10-22',30.67729949951172),('2025-10-23',30.745100021362305),('2025-10-24',30.774999618530273),('2025-10-27',30.83329963684082),('2025-10-28',30.60110092163086),('2025-10-29',30.543100357055664),('2025-10-30',30.665199279785156),('2025-10-31',30.73069953918457),('2025-11-03',30.78179931640625),('2025-11-04',30.903099060058594),('2025-11-05',30.91900062561035),('2025-11-06',30.892900466918945),('2025-11-07',30.97879981994629),('2025-11-10',30.966800689697266),('2025-11-11',30.966800689697266),('2025-11-12',30.96430015563965),('2025-11-13',31.06410026550293),('2025-11-14',31.124900817871094),('2025-11-17',30.554500579833984),('2025-11-18',31.174999237060547),('2025-11-19',31.103200912475586),('2025-11-20',31.183000564575195),('2025-11-21',31.352100372314453),('2025-11-24',31.338600158691406),('2025-11-25',31.42609977722168),('2025-11-26',31.388099670410156),('2025-11-27',31.248899459838867),('2025-11-28',31.314699172973633),('2025-12-01',31.37689971923828),('2025-12-02',31.395999908447266),('2025-12-03',31.402000427246094),('2025-12-04',31.314699172973633);
INSERT OR REPLACE INTO exchange_rates (date,usd_twd) VALUES ('2025-12-05',31.364999771118164),('2025-12-08',31.27400016784668),('2025-12-09',31.16469955444336),('2025-12-10',31.150999069213867),('2025-12-11',31.07699966430664),('2025-12-12',31.180099487304688),('2025-12-15',31.320100784301758),('2025-12-16',31.328699111938477),('2025-12-17',31.4689998626709),('2025-12-18',31.632099151611328),('2025-12-19',31.51409912109375),('2025-12-22',31.5039005279541),('2025-12-23',31.53219985961914),('2025-12-24',31.489500045776367),('2025-12-26',31.570199966430664),('2025-12-29',31.3799991607666),('2025-12-30',31.317800521850586),('2025-12-31',31.243600845336914),('2026-01-02',31.303499221801758),('2026-01-05',31.358699798583984),('2026-01-06',31.474599838256836),('2026-01-07',31.49209976196289),('2026-01-08',31.449100494384766),('2026-01-09',31.5447998046875),('2026-01-12',31.593299865722656),('2026-01-13',31.569900512695312),('2026-01-14',31.616899490356445),('2026-01-15',31.510700225830078),('2026-01-16',31.564199447631836),('2026-01-19',31.607999801635742),('2026-01-20',31.548999786376953),('2026-01-21',31.682300567626953),('2026-01-22',31.639999389648438),('2026-01-23',31.583999633789062),('2026-01-26',31.370800018310547),('2026-01-27',31.440500259399414),('2026-01-28',31.110300064086914),('2026-01-29',31.26959991455078),('2026-01-30',31.3617000579834),('2026-02-02',31.58300018310547),('2026-02-03',31.57710075378418),('2026-02-04',31.573200225830078),('2026-02-05',31.657100677490234),('2026-02-06',31.648799896240234),('2026-02-09',31.575000762939453),('2026-02-10',31.561199188232422),('2026-02-11',31.478700637817383),('2026-02-12',31.336999893188477),('2026-02-13',31.416900634765625),('2026-02-16',31.368999481201172),('2026-02-17',31.32699966430664),('2026-02-18',31.375999450683594),('2026-02-19',31.52910041809082),('2026-02-20',31.57900047302246),('2026-02-23',31.51099967956543),('2026-02-24',31.434799194335938),('2026-02-25',31.377099990844727),('2026-02-26',31.269100189208984),('2026-02-27',31.24679946899414),('2026-03-02',31.375),('2026-03-03',31.53499984741211),('2026-03-04',31.733999252319336),('2026-03-05',31.6299991607666),('2026-03-06',31.905899047851562),('2026-03-09',31.80229949951172),('2026-03-10',31.802000045776367),('2026-03-11',31.77389907836914),('2026-03-12',31.811500549316406),('2026-03-13',31.89579963684082),('2026-03-16',32.16310119628906),('2026-03-17',31.94499969482422),('2026-03-18',31.885000228881836),('2026-03-19',32.03120040893555),('2026-03-20',31.802099227905273),('2026-03-23',32.02170181274414),('2026-03-24',31.86199951171875),('2026-03-25',31.925800323486328),('2026-03-26',31.93589973449707),('2026-03-27',31.93000030517578),('2026-03-30',31.976999282836914),('2026-03-31',32.03900146484375),('2026-04-01',31.93790054321289),('2026-04-02',32.00199890136719),('2026-04-03',31.938100814819336),('2026-04-06',31.96299934387207),('2026-04-07',31.913999557495117),('2026-04-08',31.893999099731445),('2026-04-09',31.720399856567383),('2026-04-10',31.725799560546875),('2026-04-13',31.767000198364258),('2026-04-14',31.641199111938477),('2026-04-15',31.517000198364258),('2026-04-16',31.586999893188477),('2026-04-17',31.558000564575195),('2026-04-20',31.468000411987305),('2026-04-21',31.41900062561035),('2026-04-22',31.48200035095215),('2026-04-23',31.466800689697266),('2026-04-24',31.530000686645508),('2026-04-27',31.440000534057617),('2026-04-28',31.455699920654297),('2026-04-29',31.51300048828125),('2026-04-30',31.62649917602539),('2026-05-01',31.569000244140625),('2026-05-02',31.613000869750977),('2026-05-04',31.554000854492188),('2026-05-05',31.597999572753906),('2026-05-07',31.375999450683594),('2026-05-06 00:00:00',31.37299919128418),('2026-05-08 00:00:00',31.391000747680664),('2026-05-11 00:00:00',31.395999908447266),('2026-05-12 00:00:00',31.524999618530273),('2026-05-13 00:00:00',31.55699920654297),('2026-05-14 00:00:00',31.547000885009766),('2026-05-15 00:00:00',31.51300048828125),('2026-05-18 00:00:00',31.586999893188477),('2026-05-19 00:00:00',31.64699935913086),('2026-05-20 00:00:00',31.679000854492188),('2026-05-21 00:00:00',31.61199951171875),('2026-05-22 00:00:00',31.55500030517578),('2026-05-23 00:00:00',31.448999404907227),('2026-05-25 00:00:00',31.40399932861328),('2026-05-26 00:00:00',31.437000274658203),('2026-05-27 00:00:00',31.437000274658203),('2026-05-28 00:00:00',31.42300033569336),('2026-05-29 00:00:00',31.406999588012695),('2026-06-01 00:00:00',31.412900924682617),('2026-06-02 00:00:00',31.322999954223633),('2026-06-03 00:00:00',31.48200035095215),('2026-06-04 00:00:00',31.503999710083008),('2026-06-05 00:00:00',31.485000610351562),('2026-06-08 00:00:00',31.507999420166016),('2026-06-09 00:00:00',31.586000442504883),('2026-06-10 00:00:00',31.56999969482422),('2026-06-11 00:00:00',31.624000549316406),('2026-06-12 00:00:00',31.60300064086914),('2026-06-13',31.61);
INSERT OR REPLACE INTO ticker_tags (ticker,dimension,tag) VALUES
('0050.TW','地區','台灣'),
('TLT','地區','美國'),
('TMF','地區','美國'),
('UPRO','地區','美國'),
('VOO','地區','美國'),
('TLT','美國股債比','債券'),
('TMF','美國股債比','債券'),
('UPRO','美國股債比','股票'),
('VOO','美國股債比','股票'),
('0050.TW','總股債比','股票'),
('TLT','總股債比','債券'),
('TMF','總股債比','債券'),
('UPRO','總股債比','股票'),
('VOO','總股債比','股票'),
('VOO','strategy','leverage-sleeve'),
('UPRO','strategy','leverage-sleeve'),
('QQQ','strategy','leverage-sleeve'),
('TQQQ','strategy','leverage-sleeve'),
('BOXX','strategy','leverage-sleeve'),
('0050.TW','strategy','core-long-term');
INSERT OR REPLACE INTO metadata (key,value) VALUES ('last_update','2026-06-13T00:00:00Z');
